-- Stoneflake Manufacturing Portal Production Data Export
-- Generated: 2025-08-16T18:30:48.247Z

-- Data for table: users
DELETE FROM users;
INSERT INTO users (id, email, password_hash, name, is_admin, created_at, company, customer_number, phone, address, city, state, country, postal_code, linked_customer_number, is_verified, verification_code, verification_code_expiry, title, company_id, company_name_input, role, website, certifications, capabilities, reset_code, reset_code_expiry, supplier_number, is_admin_created, must_reset_password, finishing_capabilities, year_established, number_of_employees, facility_size, primary_industries, quality_system, lead_time_capability, minimum_order_quantity, max_part_size_capability, tolerance_capability, emergency_capability, international_shipping) VALUES ('849ef418-a3bb-4759-9d4a-a56413dddb15', 'ebaldwin@shopsmith.com', '$2b$10$5DeldfuL.cu0Mey5bxmGnupqXSd08GOs3r6HS.ygtLdeAn4y.Ce4q', 'Elizabeth Baldwin', false, '2025-08-13T14:45:57.797Z', NULL, NULL, NULL, NULL, NULL, NULL, 'United States', NULL, NULL, true, NULL, NULL, NULL, 'e64dd5bb-1762-47c8-ad55-caf4479fd541', 'Shopsmith LP', 'customer', NULL, NULL, NULL, NULL, NULL, NULL, true, true, NULL, NULL, NULL, NULL, NULL, NULL, NULL, NULL, NULL, NULL, false, false);
INSERT INTO users (id, email, password_hash, name, is_admin, created_at, company, customer_number, phone, address, city, state, country, postal_code, linked_customer_number, is_verified, verification_code, verification_code_expiry, title, company_id, company_name_input, role, website, certifications, capabilities, reset_code, reset_code_expiry, supplier_number, is_admin_created, must_reset_password, finishing_capabilities, year_established, number_of_employees, facility_size, primary_industries, quality_system, lead_time_capability, minimum_order_quantity, max_part_size_capability, tolerance_capability, emergency_capability, international_shipping) VALUES ('255a93ba-4e14-4250-a1cc-5be5a3ed4d51', 'vineeth@stone-flake.com', '$2b$10$b7KOeUtTbIc4NR29U4eXLuoBIp5PcFb1ilJR4RK8wD8WqIDggJL5K', 'Vineeth Alisyam', true, '2025-08-05T01:37:16.030Z', NULL, NULL, NULL, NULL, NULL, NULL, 'United States', NULL, NULL, true, NULL, NULL, NULL, '8c90bf3e-b4bd-4a00-8cf0-68676f241d82', 'Stoneflake', 'admin', NULL, NULL, NULL, NULL, NULL, NULL, false, false, NULL, NULL, NULL, NULL, NULL, NULL, NULL, NULL, NULL, NULL, false, false);
INSERT INTO users (id, email, password_hash, name, is_admin, created_at, company, customer_number, phone, address, city, state, country, postal_code, linked_customer_number, is_verified, verification_code, verification_code_expiry, title, company_id, company_name_input, role, website, certifications, capabilities, reset_code, reset_code_expiry, supplier_number, is_admin_created, must_reset_password, finishing_capabilities, year_established, number_of_employees, facility_size, primary_industries, quality_system, lead_time_capability, minimum_order_quantity, max_part_size_capability, tolerance_capability, emergency_capability, international_shipping) VALUES ('04ca282d-6ef2-4f25-8aa4-3551e52f9665', 'mccannj@shopsmith.com', '$2b$10$kNVUUTEliJFSKgpgxw3IiegQLLftz9HRJnRzhDfzPuudJuXfce0Ty', 'Jim McCann', false, '2025-08-13T14:46:51.449Z', NULL, NULL, NULL, NULL, NULL, NULL, 'United States', NULL, NULL, true, NULL, NULL, NULL, 'e64dd5bb-1762-47c8-ad55-caf4479fd541', 'Shopsmith LP', 'customer', NULL, NULL, NULL, NULL, NULL, NULL, true, true, NULL, NULL, NULL, NULL, NULL, NULL, NULL, NULL, NULL, NULL, false, false);
INSERT INTO users (id, email, password_hash, name, is_admin, created_at, company, customer_number, phone, address, city, state, country, postal_code, linked_customer_number, is_verified, verification_code, verification_code_expiry, title, company_id, company_name_input, role, website, certifications, capabilities, reset_code, reset_code_expiry, supplier_number, is_admin_created, must_reset_password, finishing_capabilities, year_established, number_of_employees, facility_size, primary_industries, quality_system, lead_time_capability, minimum_order_quantity, max_part_size_capability, tolerance_capability, emergency_capability, international_shipping) VALUES ('04fccf28-bd93-44a9-a0b9-6b5c316f1312', 'saulsm@shopsmith.com', '$2b$10$GA3Colmwe/rjOdGnU7KaMO2QonJtlrSaRJrhEaQF0Q3yDyyi96OxG', 'Matt Sauls', false, '2025-08-13T14:47:18.613Z', NULL, NULL, NULL, NULL, NULL, NULL, 'United States', NULL, NULL, true, NULL, NULL, NULL, 'e64dd5bb-1762-47c8-ad55-caf4479fd541', 'Shopsmith LP', 'customer', NULL, NULL, NULL, NULL, NULL, NULL, true, true, NULL, NULL, NULL, NULL, NULL, NULL, NULL, NULL, NULL, NULL, false, false);
INSERT INTO users (id, email, password_hash, name, is_admin, created_at, company, customer_number, phone, address, city, state, country, postal_code, linked_customer_number, is_verified, verification_code, verification_code_expiry, title, company_id, company_name_input, role, website, certifications, capabilities, reset_code, reset_code_expiry, supplier_number, is_admin_created, must_reset_password, finishing_capabilities, year_established, number_of_employees, facility_size, primary_industries, quality_system, lead_time_capability, minimum_order_quantity, max_part_size_capability, tolerance_capability, emergency_capability, international_shipping) VALUES ('20858068-36ed-4685-888e-e71bd1113858', 'krishnatheway7@gmail.com', '$2b$10$vpsfhGUEge/67Ux/HlV2eOGkhIH8o8hLOm7R/fntX72IUAB5FeOL2', 'krishna', false, '2025-08-13T16:08:40.585Z', NULL, NULL, NULL, NULL, NULL, NULL, 'United States', NULL, NULL, true, NULL, NULL, NULL, 'c3f21b91-ae6c-4bab-8225-89159c6bb088', 'shanvikaenggworks', 'customer', NULL, NULL, NULL, NULL, NULL, NULL, false, false, NULL, NULL, NULL, NULL, NULL, NULL, NULL, NULL, NULL, NULL, false, false);
INSERT INTO users (id, email, password_hash, name, is_admin, created_at, company, customer_number, phone, address, city, state, country, postal_code, linked_customer_number, is_verified, verification_code, verification_code_expiry, title, company_id, company_name_input, role, website, certifications, capabilities, reset_code, reset_code_expiry, supplier_number, is_admin_created, must_reset_password, finishing_capabilities, year_established, number_of_employees, facility_size, primary_industries, quality_system, lead_time_capability, minimum_order_quantity, max_part_size_capability, tolerance_capability, emergency_capability, international_shipping) VALUES ('3ba76f18-0afc-4a15-9ff7-22b9fb3dfd67', 'designsbypatel@gmail.com', '$2b$10$16hz2ybkZOoas8QNf9Ibju3wGxrG1AQfrP/J50VGgSI5zlRapn0R2', 'Uttam Patel', false, '2025-08-16T03:03:33.507Z', NULL, NULL, NULL, '63 Gemini Dr', 'Barrie', 'Ontario', 'Canada', 'L9J 0P8', NULL, true, NULL, NULL, NULL, '05b50eea-232f-4179-a476-1ad2c08c0b39', 'PatelDesigns', 'supplier', NULL, '[]', '["3D Printing/Additive Manufacturing"]', NULL, NULL, 'V0013', false, false, NULL, NULL, NULL, NULL, NULL, NULL, NULL, NULL, NULL, NULL, false, false);
INSERT INTO users (id, email, password_hash, name, is_admin, created_at, company, customer_number, phone, address, city, state, country, postal_code, linked_customer_number, is_verified, verification_code, verification_code_expiry, title, company_id, company_name_input, role, website, certifications, capabilities, reset_code, reset_code_expiry, supplier_number, is_admin_created, must_reset_password, finishing_capabilities, year_established, number_of_employees, facility_size, primary_industries, quality_system, lead_time_capability, minimum_order_quantity, max_part_size_capability, tolerance_capability, emergency_capability, international_shipping) VALUES ('0a6c1edc-bfd2-4c93-93e2-cff2733462fc', 'mike@mastershop.ca', '$2b$10$Bl9egKUYG5PvycCMwSdiiuz9QbBiUvUlA6jVOjkKJ/ZFDVWzJFv0a', 'Mike Spiske', false, '2025-08-13T16:01:33.492Z', NULL, NULL, '9058272707', '1428 Speers Road Units 7-8', 'Oakville', 'Ontario', 'Canada', 'L6L5M1', NULL, true, NULL, NULL, NULL, '6a9d724a-9052-496d-a378-3ccdb93c3813', 'Master Shop Inc.', 'supplier', 'https://www.mastershop.ca', '["ISO 9001"]', '["CNC Machining","3D Printing/Additive Manufacturing","Stamping","EDM (Electrical Discharge Machining)","Turning/Lathe Work","Prototyping","Milling","Low Volume Production","Quality Inspection"]', NULL, NULL, 'V0010', false, false, NULL, NULL, NULL, NULL, NULL, NULL, NULL, NULL, NULL, NULL, false, false);
INSERT INTO users (id, email, password_hash, name, is_admin, created_at, company, customer_number, phone, address, city, state, country, postal_code, linked_customer_number, is_verified, verification_code, verification_code_expiry, title, company_id, company_name_input, role, website, certifications, capabilities, reset_code, reset_code_expiry, supplier_number, is_admin_created, must_reset_password, finishing_capabilities, year_established, number_of_employees, facility_size, primary_industries, quality_system, lead_time_capability, minimum_order_quantity, max_part_size_capability, tolerance_capability, emergency_capability, international_shipping) VALUES ('8418f13a-ef5a-4be0-aae6-d9a781e716cd', 'vineethalisyam@gmail.com', '$2b$10$tNyUR/9IB9ukltV.bohZIepmDzqzP2USiZYrw.BJMYE7CaCTEzljy', 'Vineeth Alisyam', false, '2025-08-14T01:17:51.503Z', NULL, NULL, NULL, NULL, NULL, NULL, 'United States', NULL, NULL, true, NULL, NULL, NULL, '0c366b0d-8243-42dd-b0d0-8248f43b52bb', 'Stoneflake', 'supplier', NULL, NULL, NULL, NULL, NULL, 'V0011', false, false, NULL, NULL, NULL, NULL, NULL, NULL, NULL, NULL, NULL, NULL, false, false);
INSERT INTO users (id, email, password_hash, name, is_admin, created_at, company, customer_number, phone, address, city, state, country, postal_code, linked_customer_number, is_verified, verification_code, verification_code_expiry, title, company_id, company_name_input, role, website, certifications, capabilities, reset_code, reset_code_expiry, supplier_number, is_admin_created, must_reset_password, finishing_capabilities, year_established, number_of_employees, facility_size, primary_industries, quality_system, lead_time_capability, minimum_order_quantity, max_part_size_capability, tolerance_capability, emergency_capability, international_shipping) VALUES ('7833f3d1-5b0c-4ce0-b7d5-57963a0388db', 'reuben@brooksidemachining.com', '$2b$10$5rRaVjyHeeC7RGQIiR1VVulpATKuMoxaLeQ8DoKAnnwQHcFs.qON2', 'Reuben Martin', false, '2025-08-15T12:38:38.544Z', NULL, NULL, '15193726787', '327455 3rd Concession', 'Maxwell', NULL, 'Canada', NULL, NULL, true, NULL, NULL, NULL, 'ff2f4a66-2dcc-4eab-ac20-de11964a6320', 'Brookside Machining Inc', 'customer', 'www.brooksidemachining.com', NULL, NULL, NULL, NULL, NULL, false, false, NULL, NULL, NULL, NULL, NULL, NULL, NULL, NULL, NULL, NULL, false, false);
INSERT INTO users (id, email, password_hash, name, is_admin, created_at, company, customer_number, phone, address, city, state, country, postal_code, linked_customer_number, is_verified, verification_code, verification_code_expiry, title, company_id, company_name_input, role, website, certifications, capabilities, reset_code, reset_code_expiry, supplier_number, is_admin_created, must_reset_password, finishing_capabilities, year_established, number_of_employees, facility_size, primary_industries, quality_system, lead_time_capability, minimum_order_quantity, max_part_size_capability, tolerance_capability, emergency_capability, international_shipping) VALUES ('372c7eb2-f114-49a0-b7e2-541c47be3f15', 'reuben@brooksidemachining.com', '$2b$10$BGXOAqI5Lv0uWgt5455wTOOP.vKCO8K.vwSmkdP70pKNQfuU.OwkK', 'Reuben Martin', false, '2025-08-15T13:09:37.822Z', NULL, NULL, '5193726787', '327455 3rd Concession', 'Maxwell', 'Ontario', 'Canada', 'N0C 1J0', NULL, true, NULL, NULL, NULL, '0dca4a79-ce4d-421a-8d8e-80ad62a64df4', 'Brookside Machining Inc', 'supplier', 'https://www.brooksidemachining.com', '[]', '["CNC Machining","High Volume Production","Turning/Lathe Work","Prototyping","Milling","Low Volume Production","Swiss Machining"]', NULL, NULL, 'V0012', false, false, NULL, NULL, NULL, NULL, NULL, NULL, NULL, NULL, NULL, NULL, false, false);

-- Data for table: companies
DELETE FROM companies;
INSERT INTO companies (id, customer_number, name, contact_email, phone, address, city, state, country, postal_code, website, industry, notes, created_at) VALUES ('e64dd5bb-1762-47c8-ad55-caf4479fd541', 'CU0001', 'Shopsmith LP', 'ebaldwine@shopsmith.com', '', '6530 Poe Avenue', 'Dayton', 'OH', 'United States', '45414', 'https://shopsmith.com', 'Manufacturing', '', '2025-08-13T14:44:07.132Z');
INSERT INTO companies (id, customer_number, name, contact_email, phone, address, city, state, country, postal_code, website, industry, notes, created_at) VALUES ('6a9d724a-9052-496d-a378-3ccdb93c3813', 'CU0011', 'Master Shop Inc.', NULL, NULL, NULL, NULL, NULL, 'United States', NULL, NULL, NULL, NULL, '2025-08-13T16:00:58.659Z');
INSERT INTO companies (id, customer_number, name, contact_email, phone, address, city, state, country, postal_code, website, industry, notes, created_at) VALUES ('0c366b0d-8243-42dd-b0d0-8248f43b52bb', 'CU0031', 'Stoneflake', NULL, NULL, NULL, NULL, NULL, 'United States', NULL, NULL, NULL, NULL, '2025-08-14T01:17:33.170Z');
INSERT INTO companies (id, customer_number, name, contact_email, phone, address, city, state, country, postal_code, website, industry, notes, created_at) VALUES ('ff2f4a66-2dcc-4eab-ac20-de11964a6320', 'CU0041', 'Brookside Machining Inc', NULL, NULL, NULL, NULL, NULL, 'United States', NULL, NULL, NULL, NULL, '2025-08-15T12:38:04.492Z');
INSERT INTO companies (id, customer_number, name, contact_email, phone, address, city, state, country, postal_code, website, industry, notes, created_at) VALUES ('0dca4a79-ce4d-421a-8d8e-80ad62a64df4', 'CU0051', 'Brookside Machining Inc', NULL, NULL, NULL, NULL, NULL, 'United States', NULL, NULL, NULL, NULL, '2025-08-15T13:09:23.095Z');
INSERT INTO companies (id, customer_number, name, contact_email, phone, address, city, state, country, postal_code, website, industry, notes, created_at) VALUES ('c3f21b91-ae6c-4bab-8225-89159c6bb088', 'CU0021', 'Shanvika Engineering Works', NULL, '', '', 'Hyderabad', 'Telangana', 'India', '', NULL, '', '', '2025-08-13T16:08:17.236Z');
INSERT INTO companies (id, customer_number, name, contact_email, phone, address, city, state, country, postal_code, website, industry, notes, created_at) VALUES ('05b50eea-232f-4179-a476-1ad2c08c0b39', 'CU0061', 'PatelDesigns', NULL, NULL, NULL, NULL, NULL, 'United States', NULL, NULL, NULL, NULL, '2025-08-16T03:03:18.311Z');

-- Data for table: rfqs
DELETE FROM rfqs;
INSERT INTO rfqs (id, user_id, project_name, material, tolerance, quantity, notes, status, created_at, material_grade, finishing, manufacturing_process, manufacturing_subprocess, international_manufacturing_ok, reference_number, sqte_number) VALUES ('391effa8-6555-4b2f-8bc2-67647607b483', '255a93ba-4e14-4250-a1cc-5be5a3ed4d51', 'First Project', 'Aluminum', 'Standard', 10000, 'Aluminum Brackets for Solar Panel Installantion', 'submitted', '2025-08-14T01:24:18.865Z', NULL, NULL, NULL, NULL, false, NULL, 'SQTE-001');
INSERT INTO rfqs (id, user_id, project_name, material, tolerance, quantity, notes, status, created_at, material_grade, finishing, manufacturing_process, manufacturing_subprocess, international_manufacturing_ok, reference_number, sqte_number) VALUES ('f9818d89-f08a-4bab-9e02-03b0daefc9f5', '255a93ba-4e14-4250-a1cc-5be5a3ed4d51', 'First Project', 'Aluminum', 'Standard', 10000, 'test', 'submitted', '2025-08-14T02:07:47.245Z', NULL, NULL, NULL, NULL, false, NULL, 'SQTE-002');
INSERT INTO rfqs (id, user_id, project_name, material, tolerance, quantity, notes, status, created_at, material_grade, finishing, manufacturing_process, manufacturing_subprocess, international_manufacturing_ok, reference_number, sqte_number) VALUES ('77802bbd-ec56-42ca-b90a-1ed6855d5eb9', '255a93ba-4e14-4250-a1cc-5be5a3ed4d51', 'First Project', 'Aluminum', 'Standard', 10000, 'test', 'submitted', '2025-08-14T02:12:08.936Z', NULL, NULL, NULL, NULL, false, NULL, 'SQTE-003');

-- Data for table: purchase_orders
DELETE FROM purchase_orders;
INSERT INTO purchase_orders (id, order_number, supplier_quote_id, supplier_id, rfq_id, status, total_amount, delivery_date, notes, po_file_url, created_at, accepted_at, supplier_invoice_url, invoice_uploaded_at, payment_completed_at, archived_at) VALUES ('9e98c612-977b-40e8-b304-aceea51e12be', 'PO-0001', 'ad9db492-545e-4e5e-9a87-66725dabe445', '8418f13a-ef5a-4be0-aae6-d9a781e716cd', '391effa8-6555-4b2f-8bc2-67647607b483', 'archived', '4999.99', '2025-08-30T00:00:00.000Z', NULL, 'uploads/da2882c1505db8f45ff6b397166d5225', '2025-08-14T01:30:00.309Z', NULL, NULL, NULL, NULL, '2025-08-14T02:26:55.079Z');
INSERT INTO purchase_orders (id, order_number, supplier_quote_id, supplier_id, rfq_id, status, total_amount, delivery_date, notes, po_file_url, created_at, accepted_at, supplier_invoice_url, invoice_uploaded_at, payment_completed_at, archived_at) VALUES ('c226e1fd-2414-4563-96e0-884af2f36b87', 'PO-0002', '0f1fa952-8d2f-45fb-881c-1dc3ce0e2763', '8418f13a-ef5a-4be0-aae6-d9a781e716cd', 'f9818d89-f08a-4bab-9e02-03b0daefc9f5', 'archived', '4999.99', '2025-08-29T00:00:00.000Z', NULL, NULL, '2025-08-14T02:08:26.169Z', '2025-08-14T02:10:02.656Z', NULL, NULL, NULL, '2025-08-14T02:26:55.079Z');
INSERT INTO purchase_orders (id, order_number, supplier_quote_id, supplier_id, rfq_id, status, total_amount, delivery_date, notes, po_file_url, created_at, accepted_at, supplier_invoice_url, invoice_uploaded_at, payment_completed_at, archived_at) VALUES ('8d5acadb-e016-485d-965b-d074ebe4960c', 'PO-0003', '046b48c7-2a27-4af0-812b-4f83550617bd', '8418f13a-ef5a-4be0-aae6-d9a781e716cd', '77802bbd-ec56-42ca-b90a-1ed6855d5eb9', 'archived', '4999.99', '2025-08-29T00:00:00.000Z', NULL, NULL, '2025-08-14T02:12:34.151Z', '2025-08-14T02:32:24.768Z', NULL, NULL, NULL, '2025-08-14T02:35:14.413Z');

-- Data for table: supplier_quotes
DELETE FROM supplier_quotes;
INSERT INTO supplier_quotes (id, rfq_id, supplier_id, price, lead_time, notes, quote_file_url, status, submitted_at, responded_at, sqte_number, currency, tooling_cost, part_cost_per_piece, material_cost_per_piece, machining_cost_per_piece, finishing_cost_per_piece, packaging_cost_per_piece, shipping_cost, tax_percentage, tax_amount, discount_percentage, discount_amount, total_before_tax, total_after_tax, valid_until, payment_terms) VALUES ('ad9db492-545e-4e5e-9a87-66725dabe445', '391effa8-6555-4b2f-8bc2-67647607b483', '8418f13a-ef5a-4be0-aae6-d9a781e716cd', '4999.99', 60, NULL, NULL, 'accepted', '2025-08-14T01:28:56.172Z', '2025-08-14T01:29:14.584Z', 'SQTE-001', 'USD', NULL, NULL, NULL, NULL, NULL, NULL, NULL, NULL, NULL, NULL, NULL, NULL, NULL, NULL, 'Net 30');
INSERT INTO supplier_quotes (id, rfq_id, supplier_id, price, lead_time, notes, quote_file_url, status, submitted_at, responded_at, sqte_number, currency, tooling_cost, part_cost_per_piece, material_cost_per_piece, machining_cost_per_piece, finishing_cost_per_piece, packaging_cost_per_piece, shipping_cost, tax_percentage, tax_amount, discount_percentage, discount_amount, total_before_tax, total_after_tax, valid_until, payment_terms) VALUES ('0f1fa952-8d2f-45fb-881c-1dc3ce0e2763', 'f9818d89-f08a-4bab-9e02-03b0daefc9f5', '8418f13a-ef5a-4be0-aae6-d9a781e716cd', '4999.99', 60, NULL, NULL, 'accepted', '2025-08-14T02:08:14.089Z', '2025-08-14T02:08:21.387Z', 'SQTE-002', 'USD', NULL, NULL, NULL, NULL, NULL, NULL, NULL, NULL, NULL, NULL, NULL, NULL, NULL, '2025-08-29T00:00:00.000Z', 'Net 30');
INSERT INTO supplier_quotes (id, rfq_id, supplier_id, price, lead_time, notes, quote_file_url, status, submitted_at, responded_at, sqte_number, currency, tooling_cost, part_cost_per_piece, material_cost_per_piece, machining_cost_per_piece, finishing_cost_per_piece, packaging_cost_per_piece, shipping_cost, tax_percentage, tax_amount, discount_percentage, discount_amount, total_before_tax, total_after_tax, valid_until, payment_terms) VALUES ('046b48c7-2a27-4af0-812b-4f83550617bd', '77802bbd-ec56-42ca-b90a-1ed6855d5eb9', '8418f13a-ef5a-4be0-aae6-d9a781e716cd', '4999.99', 60, NULL, NULL, 'accepted', '2025-08-14T02:12:23.085Z', '2025-08-14T02:12:28.297Z', 'SQTE-003', 'USD', NULL, NULL, NULL, NULL, NULL, NULL, NULL, NULL, NULL, NULL, NULL, NULL, NULL, NULL, 'Net 30');

-- Data for table: files
DELETE FROM files;
INSERT INTO files (id, user_id, file_name, file_url, file_size, file_type, linked_to_type, linked_to_id, uploaded_at, glb_url, glb_path, conversion_stats) VALUES ('475d3be9-9480-4755-85cc-7b0ec07104fc', '255a93ba-4e14-4250-a1cc-5be5a3ed4d51', 'files-1755134658637-223319696.pdf', 'uploads/files-1755134658637-223319696.pdf', 0, 'step', 'rfq', '391effa8-6555-4b2f-8bc2-67647607b483', '2025-08-14T01:24:18.949Z', NULL, NULL, NULL);

-- Data for table: notifications
DELETE FROM notifications;
INSERT INTO notifications (id, user_id, type, title, message, is_read, related_id, created_at) VALUES ('a8ca49aa-ec41-4cb4-85bd-cc74daf4a406', '8418f13a-ef5a-4be0-aae6-d9a781e716cd', 'status_update', 'Quote Accepted', 'Your quote for "First Project" has been accepted. Purchase order will be sent soon.', false, '0f1fa952-8d2f-45fb-881c-1dc3ce0e2763', '2025-08-14T02:08:21.489Z');
INSERT INTO notifications (id, user_id, type, title, message, is_read, related_id, created_at) VALUES ('76ce3035-2d11-40e6-a2ff-e8b6cae5038b', '8418f13a-ef5a-4be0-aae6-d9a781e716cd', 'order_confirmation', 'Purchase Order Created', 'Purchase order PO-0002 has been created from your accepted quote.', false, 'c226e1fd-2414-4563-96e0-884af2f36b87', '2025-08-14T02:08:26.244Z');
INSERT INTO notifications (id, user_id, type, title, message, is_read, related_id, created_at) VALUES ('93e100a2-3c8f-46b0-80b8-cbcb3e04493f', '8418f13a-ef5a-4be0-aae6-d9a781e716cd', 'status_update', 'Purchase Order Archived', 'Purchase order PO-0002 has been completed and archived', false, 'c226e1fd-2414-4563-96e0-884af2f36b87', '2025-08-14T02:10:47.203Z');
INSERT INTO notifications (id, user_id, type, title, message, is_read, related_id, created_at) VALUES ('1ce2a4ff-1410-4b68-b446-77eb4addeedc', '8418f13a-ef5a-4be0-aae6-d9a781e716cd', 'rfq_assignment', 'New RFQ Assigned', 'You have been assigned a new RFQ for: First Project', true, '77802bbd-ec56-42ca-b90a-1ed6855d5eb9', '2025-08-14T02:12:09.494Z');
INSERT INTO notifications (id, user_id, type, title, message, is_read, related_id, created_at) VALUES ('b329f48f-24c4-43b4-928b-8633d52a93a4', '8418f13a-ef5a-4be0-aae6-d9a781e716cd', 'rfq_assignment', 'New RFQ Assigned', 'You have been assigned a new RFQ for: First Project', true, '391effa8-6555-4b2f-8bc2-67647607b483', '2025-08-14T01:24:19.539Z');
INSERT INTO notifications (id, user_id, type, title, message, is_read, related_id, created_at) VALUES ('dd3035e1-4ee2-4f06-afc2-7a2652521b0d', '8418f13a-ef5a-4be0-aae6-d9a781e716cd', 'status_update', 'Quote Accepted', 'Your quote for "First Project" has been accepted. Purchase order will be sent soon.', false, 'ad9db492-545e-4e5e-9a87-66725dabe445', '2025-08-14T01:29:14.692Z');
INSERT INTO notifications (id, user_id, type, title, message, is_read, related_id, created_at) VALUES ('d23060e5-fca4-44f4-befc-d3979d611a90', '8418f13a-ef5a-4be0-aae6-d9a781e716cd', 'order_confirmation', 'Purchase Order Created', 'Purchase order PO-0001 has been created from your accepted quote.', false, '9e98c612-977b-40e8-b304-aceea51e12be', '2025-08-14T01:30:00.388Z');
INSERT INTO notifications (id, user_id, type, title, message, is_read, related_id, created_at) VALUES ('f35a7044-a3d3-41c0-8c10-77b1db435885', '8418f13a-ef5a-4be0-aae6-d9a781e716cd', 'status_update', 'Purchase Order Archived', 'Purchase order PO-0001 has been completed and archived', false, '9e98c612-977b-40e8-b304-aceea51e12be', '2025-08-14T01:33:24.065Z');
INSERT INTO notifications (id, user_id, type, title, message, is_read, related_id, created_at) VALUES ('679a6289-13e8-4a0b-8c47-70a47130c695', '8418f13a-ef5a-4be0-aae6-d9a781e716cd', 'rfq_assignment', 'New RFQ Assigned', 'You have been assigned a new RFQ for: First Project', true, 'f9818d89-f08a-4bab-9e02-03b0daefc9f5', '2025-08-14T02:07:48.014Z');
INSERT INTO notifications (id, user_id, type, title, message, is_read, related_id, created_at) VALUES ('b89c7265-cf35-4c23-bede-2327104bb68a', '8418f13a-ef5a-4be0-aae6-d9a781e716cd', 'status_update', 'Quote Accepted', 'Your quote for "First Project" has been accepted. Purchase order will be sent soon.', false, '046b48c7-2a27-4af0-812b-4f83550617bd', '2025-08-14T02:12:28.397Z');
INSERT INTO notifications (id, user_id, type, title, message, is_read, related_id, created_at) VALUES ('3536effc-2813-47ee-bc16-3fbdd68be1f9', '8418f13a-ef5a-4be0-aae6-d9a781e716cd', 'order_confirmation', 'Purchase Order Created', 'Purchase order PO-0003 has been created from your accepted quote.', false, '8d5acadb-e016-485d-965b-d074ebe4960c', '2025-08-14T02:12:34.226Z');
INSERT INTO notifications (id, user_id, type, title, message, is_read, related_id, created_at) VALUES ('553e3848-ddc9-43a1-897f-4a1c4a1cf883', '8418f13a-ef5a-4be0-aae6-d9a781e716cd', 'status_update', 'Purchase Order Archived', 'Purchase order PO-0003 has been completed and archived', false, '8d5acadb-e016-485d-965b-d074ebe4960c', '2025-08-14T02:35:14.453Z');
INSERT INTO notifications (id, user_id, type, title, message, is_read, related_id, created_at) VALUES ('6908cb00-bef8-462a-b417-db9e6c38b1d7', '255a93ba-4e14-4250-a1cc-5be5a3ed4d51', 'message', 'New Message', 'You have a new message from Vineeth Alisyam in PO-0003', false, 'd2aa9385-e3df-43f1-af15-99c7ceea0b06', '2025-08-14T02:36:00.299Z');

-- Data for table: messages
DELETE FROM messages;
INSERT INTO messages (id, sender_id, receiver_id, subject, content, is_read, related_type, related_id, created_at, thread_id, category) VALUES ('725df56f-c080-4da1-9370-d1bd1c3a6d64', '255a93ba-4e14-4250-a1cc-5be5a3ed4d51', '8418f13a-ef5a-4be0-aae6-d9a781e716cd', NULL, 'We are looking into this for you', true, NULL, NULL, '2025-08-14T02:36:36.758Z', '255a93ba-4e14-4250-a1cc-5be5a3ed4d51-8418f13a-ef5a-4be0-aae6-d9a781e716cd-1755138960260-efvwl7', 'order-support');
INSERT INTO messages (id, sender_id, receiver_id, subject, content, is_read, related_type, related_id, created_at, thread_id, category) VALUES ('d2aa9385-e3df-43f1-af15-99c7ceea0b06', '8418f13a-ef5a-4be0-aae6-d9a781e716cd', '255a93ba-4e14-4250-a1cc-5be5a3ed4d51', 'PO-0003', 'Can we receive an early payment?
', true, NULL, NULL, '2025-08-14T02:36:00.272Z', '255a93ba-4e14-4250-a1cc-5be5a3ed4d51-8418f13a-ef5a-4be0-aae6-d9a781e716cd-1755138960260-efvwl7', 'order-support');

-- Data for table: rfq_assignments
DELETE FROM rfq_assignments;
INSERT INTO rfq_assignments (id, rfq_id, supplier_id, assigned_at, status) VALUES ('6316089e-3b4d-4116-b6b1-859feedbc242', '391effa8-6555-4b2f-8bc2-67647607b483', '8418f13a-ef5a-4be0-aae6-d9a781e716cd', '2025-08-14T01:24:18.999Z', 'quoted');
INSERT INTO rfq_assignments (id, rfq_id, supplier_id, assigned_at, status) VALUES ('7243cb79-a871-43a6-851a-30486371c571', 'f9818d89-f08a-4bab-9e02-03b0daefc9f5', '8418f13a-ef5a-4be0-aae6-d9a781e716cd', '2025-08-14T02:07:47.345Z', 'quoted');
INSERT INTO rfq_assignments (id, rfq_id, supplier_id, assigned_at, status) VALUES ('389f2320-4637-4c60-a3d9-2a97393a0a20', '77802bbd-ec56-42ca-b90a-1ed6855d5eb9', '8418f13a-ef5a-4be0-aae6-d9a781e716cd', '2025-08-14T02:12:09.011Z', 'quoted');

